Angle,Strain,Stress
50,0.0,-0.01156783
50,0.0,-0.01817803
50,0.0,-0.01707633
50,0.0,-0.004774027
50,0.0,-0.006426574
50,-0.000501775,-0.01211868
50,-0.000501775,-0.00973167
50,-0.000501775,-0.01266953
50,-0.000501775,-0.009364436
50,-0.000501775,0.004223177
50,-0.001441608,0.02148312
50,-0.001441608,0.04388432
50,-0.002572593,0.06334766
50,-0.002572593,0.08997204
50,-0.002572593,0.1287151
50,-0.002572593,0.1630514
50,-0.002572593,0.1966532
50,-0.002572593,0.2377832
50,-0.002373476,0.2798314
50,-0.002373476,0.3259191
50,-0.002373476,0.358052
50,-0.002373476,0.3876142
50,-0.002373476,0.4197471
50,0.000342481,0.4608772
50,0.000342481,0.4959479
50,0.004603587,0.5249593
50,0.004603587,0.5543379
50,0.004603587,0.5875725
50,0.004603587,0.6272337
50,0.004603587,0.6639569
50,0.004603587,0.6918666
50,0.008936374,0.7262028
50,0.008936374,0.7530109
50,0.008936374,0.7803698
50,0.008936374,0.8207653
50,0.008936374,0.8584067
50,0.0140736,0.8964153
50,0.0140736,0.9360765
50,0.0140736,0.9649042
50,0.0140736,0.9915286
50,0.02027012,1.015582
50,0.02027012,1.044961
50,0.02027012,1.08297
50,0.02027012,1.12006
50,0.02651443,1.14595
50,0.02651443,1.174961
50,0.02651443,1.208196
50,0.02651443,1.246572
50,0.02651443,1.281275
50,0.03279857,1.308634
50,0.03279857,1.343705
50,0.03889951,1.378041
50,0.03889951,1.4054
50,0.03889951,1.439369
50,0.03889951,1.47701
50,0.03889951,1.507858
50,0.03889951,1.544214
50,0.04411638,1.564779
50,0.04411638,1.588098
50,0.04411638,1.616559
50,0.04411638,1.652364
50,0.04411638,1.67807
50,0.04948458,1.708183
50,0.04948458,1.73187
50,0.05552181,1.757944
50,0.05552181,1.78824
50,0.05552181,1.808254
50,0.05552181,1.838
50,0.05552181,1.869031
50,0.05552181,1.891433
50,0.0609139,1.915119
50,0.0609139,1.93954
50,0.0609139,1.966164
50,0.0609139,1.984342
50,0.06621838,2.0106
50,0.06621838,2.041998
50,0.06621838,2.0756
50,0.07176179,2.101122
50,0.07176179,2.126645
50,0.07176179,2.159329
50,0.07176179,2.199358
50,0.07176179,2.226165
50,0.07176179,2.265643
50,0.07694681,2.296307
50,0.07694681,2.332663
50,0.07694681,2.371773
50,0.07694681,2.407395
50,0.07694681,2.450177
50,0.08212385,2.490389
50,0.08212385,2.526011
50,0.08765134,2.564387
50,0.08765134,2.60111
50,0.08765134,2.635446
50,0.08765134,2.675291
50,0.08765134,2.715136
50,0.08765134,2.752226
50,0.09338591,2.793907
50,0.09338591,2.828978
50,0.09338591,2.866987
50,0.09338591,2.907566
50,0.09955855,2.94943
50,0.09955855,2.990193
50,0.09955855,3.029671
50,0.1052294,3.07429
50,0.1052294,3.114685
50,0.1052294,3.137086
50,0.1052294,3.181154
50,0.1052294,3.223753
50,0.1052294,3.251663
50,0.1101755,3.293528
50,0.1101755,3.343471
50,0.1101755,3.380929
50,0.1101755,3.418203
50,0.1157269,3.452172
50,0.1157269,3.491833
50,0.1157269,3.532596
50,0.1217402,3.57391
50,0.1217402,3.613204
50,0.1217402,3.658557
50,0.1217402,3.694913
50,0.1217402,3.729984
50,0.1217402,3.767809
50,0.1276022,3.814447
50,0.1276022,3.848233
50,0.1276022,3.891933
50,0.1276022,3.927739
50,0.1339421,3.960055
50,0.1339421,4.002287
50,0.1339421,4.044335
50,0.1402342,4.086566
50,0.1402342,4.116129
50,0.1402342,4.145324
50,0.1402342,4.196002
50,0.1402342,4.240804
50,0.1402342,4.285791
50,0.1456103,4.320311
50,0.1456103,4.356299
50,0.1456103,4.394491
50,0.1456103,4.430847
50,0.1510582,4.466836
50,0.1510582,4.500805
50,0.1510582,4.540834
50,0.1574379,4.582515
50,0.1574379,4.615566
50,0.1574379,4.660552
50,0.1574379,4.691399
50,0.1574379,4.737303
50,0.1574379,4.776413
50,0.1631884,4.811484
50,0.1631884,4.843801
50,0.1631884,4.884013
50,0.1631884,4.927346
50,0.1676964,4.969395
50,0.1676964,5.00318
50,0.1676964,5.037149
50,0.1720133,5.070751
50,0.1720133,5.112064
50,0.1720133,5.153929
50,0.1720133,5.197079
50,0.1720133,5.233252
50,0.1720133,5.267587
50,0.1768319,5.313308
50,0.1768319,5.351133
50,0.1768319,5.38345
50,0.1768319,5.425498
50,0.1827417,5.464791
50,0.1827417,5.508492
50,0.1827417,5.547786
50,0.1891931,5.588732
50,0.1891931,5.616275
50,0.1891931,5.6541
50,0.1891931,5.697617
50,0.1891931,5.732137
50,0.1891931,5.767391
50,0.1948719,5.80999
50,0.1948719,5.853875
50,0.1948719,5.889129
50,0.1948719,5.931361
50,0.2004153,5.969553
50,0.2004153,6.010683
50,0.2004153,6.055119
50,0.2066835,6.087068
50,0.2066835,6.123607
50,0.2066835,6.156842
50,0.2066835,6.199992
50,0.2066835,6.243325
50,0.2066835,6.274724
50,0.212211,6.304653
50,0.212211,6.339356
50,0.212211,6.386913
50,0.212211,6.424554
50,0.2173084,6.462747
50,0.2173084,6.499286
50,0.2173084,6.536561
50,0.2229474,6.569428
50,0.2229474,6.605784
50,0.2229474,6.643976
50,0.2229474,6.686208
50,0.2229474,6.718708
50,0.2229474,6.762409
50,0.2283634,6.799867
50,0.2283634,6.833284
50,0.2283634,6.883412
50,0.2283634,6.919952
50,0.2336281,6.952635
50,0.2336281,6.984952
50,0.2336281,7.021124
50,0.239052,7.062071
50,0.239052,7.091449
50,0.239052,7.134783
50,0.239052,7.160856
50,0.239052,7.196661
50,0.239052,7.241647
50,0.2442529,7.280023
50,0.2442529,7.314544
50,0.2442529,7.346125
50,0.2442529,7.381563
50,0.2493344,7.417185
50,0.2493344,7.458682
50,0.2493344,7.499078
50,0.2546628,7.538922
50,0.2546628,7.573809
50,0.2546628,7.609064
50,0.2546628,7.638626
50,0.2546628,7.670759
50,0.2546628,7.713542
50,0.2598159,7.749347
50,0.2598159,7.784418
50,0.2598159,7.817101
50,0.2598159,7.853457
50,0.2651125,7.88963
50,0.2651125,7.926537
50,0.2651125,7.968217
50,0.2706957,8.000717
50,0.2706957,8.036523
50,0.2706957,8.073063
50,0.2706957,8.116213
50,0.2706957,8.149446
50,0.2706957,8.188925
50,0.2756179,8.22473
50,0.2756179,8.255027
50,0.2756179,8.293219
50,0.2756179,8.318742
50,0.2809701,8.360239
50,0.2809701,8.39329
50,0.2869118,8.427626
50,0.2869118,8.469307
50,0.2869118,8.498502
50,0.2869118,8.526778
50,0.2869118,8.569011
50,0.2869118,8.603531
50,0.2869118,8.639152
50,0.2918101,8.677711
50,0.2918101,8.707457
50,0.2918101,8.740141
50,0.2918101,8.775763
50,0.2962066,8.817444
50,0.2962066,8.853249
50,0.3009057,8.890706
50,0.3009057,8.926144
50,0.3009057,8.962868
50,0.3009057,8.999224
50,0.3009057,9.03099
50,0.3009057,9.067162
50,0.3009057,9.106639
50,0.3054456,9.138221
50,0.3054456,9.173475
50,0.3054456,9.210382
50,0.3054456,9.238109
50,0.3101766,9.267671
50,0.3101766,9.311372
50,0.3101766,9.346442
50,0.3151546,9.3839
50,0.3151546,9.414013
50,0.3151546,9.445229
50,0.3151546,9.478646
50,0.3151546,9.514268
50,0.3151546,9.54989
50,0.3197263,9.579636
50,0.3197263,9.612319
50,0.3197263,9.647205
50,0.3197263,9.689621
50,0.3244573,9.726712
50,0.3244573,9.751684
50,0.3296821,9.784552
50,0.3296821,9.824213
50,0.3296821,9.859099
50,0.3296821,9.901698
50,0.3296821,9.935117
50,0.3296821,9.963944
50,0.3296821,9.994058
50,0.3343893,10.02509
50,0.3343893,10.05943
50,0.3343893,10.10202
50,0.3343893,10.12589
50,0.3389849,10.15564
50,0.3389849,10.19824
50,0.3438672,10.23239
50,0.3438672,10.26177
50,0.3438672,10.29813
50,0.3438672,10.32457
50,0.3438672,10.35688
50,0.3438672,10.3971
50,0.3438672,10.43253
50,0.3485107,10.47403
50,0.3485107,10.51369
50,0.3485107,10.53169
50,0.3485107,10.56106
50,0.3534169,10.60587
50,0.3534169,10.64112
50,0.3584665,10.67289
50,0.3584665,10.70814
50,0.3584665,10.74486
50,0.3584665,10.77718
50,0.3584665,10.81078
50,0.3584665,10.84512
50,0.3626958,10.88423
50,0.3626958,10.92004
50,0.3626958,10.94556
50,0.3626958,10.98026
50,0.3626958,11.00652
50,0.366917,11.0414
50,0.366917,11.08456
50,0.3714171,11.1121
50,0.3714171,11.15341
50,0.3714171,11.18995
50,0.3714171,11.22925
50,0.3714171,11.26248
50,0.3714171,11.28653
50,0.3753596,11.32583
50,0.3753596,11.36751
50,0.3753596,11.39542
50,0.3753596,11.43269
50,0.3753596,11.4707
50,0.3793579,11.50449
50,0.3793579,11.53699
50,0.3836429,11.57389
50,0.3836429,11.60419
50,0.3836429,11.63559
50,0.3836429,11.66497
50,0.3836429,11.70371
50,0.3836429,11.73548
50,0.3878084,11.77036
50,0.3878084,11.80305
50,0.3878084,11.84454
50,0.3878084,11.87631
50,0.3878084,11.91175
50,0.392404,11.94792
50,0.392404,11.99291
50,0.397358,12.02375
50,0.397358,12.04873
50,0.397358,12.08141
50,0.397358,12.11776
50,0.397358,12.1532
50,0.397358,12.19286
50,0.4016192,12.22738
50,0.4016192,12.26172
50,0.4016192,12.29844
50,0.4016192,12.33278
50,0.4016192,12.3684
50,0.4059918,12.40329
50,0.4059918,12.43414
50,0.4059918,12.46425
50,0.4109777,12.49381
50,0.4109777,12.53347
50,0.4109777,12.57111
50,0.4109777,12.61279
50,0.4109777,12.64272
50,0.4159158,12.6789
50,0.4159158,12.71617
50,0.4159158,12.74996
50,0.4159158,12.78209
50,0.4159158,12.81753
50,0.4210211,12.85407
50,0.4210211,12.88546
50,0.4257362,12.90787
50,0.4257362,12.94606
50,0.4257362,12.98958
50,0.4257362,13.01455
50,0.4257362,13.05604
50,0.4257362,13.09919
50,0.4298141,13.12986
50,0.4298141,13.16603
50,0.4298141,13.20422
50,0.4298141,13.23838
50,0.4298141,13.26977
50,0.4352859,13.29713
50,0.4352859,13.33331
50,0.4421435,13.36874
50,0.4421435,13.40455
50,0.4421435,13.44898
50,0.4421435,13.47377
50,0.4421435,13.50315
50,0.4421435,13.54189
50,0.4480613,13.57935
50,0.4480613,13.61773
50,0.4480613,13.65629
50,0.4480613,13.68677
50,0.4480613,13.72661
50,0.4531108,13.75599
50,0.4531108,13.79088
50,0.4581286,13.82852
50,0.4581286,13.86359
50,0.4581286,13.89058
50,0.4581286,13.92859
50,0.4581286,13.97192
50,0.4581286,14.00112
50,0.462087,14.02866
50,0.462087,14.06612
50,0.462087,14.10174
50,0.462087,14.14305
50,0.462087,14.18382
50,0.462087,14.21558
50,0.4654083,14.24111
50,0.4654083,14.27801
50,0.4654083,14.31455
50,0.4654083,14.35531
50,0.4698048,14.38469
50,0.4698048,14.42362
50,0.4698048,14.46291
50,0.4751491,14.49395
50,0.4751491,14.5292
50,0.4751491,14.56243
50,0.4751491,14.59879
50,0.4751491,14.63239
50,0.4805731,14.66361
50,0.4805731,14.69905
50,0.4853519,14.72769
50,0.4853519,14.77066
50,0.4853519,14.80573
50,0.4853519,14.84484
50,0.4853519,14.87972
50,0.4853519,14.91663
50,0.4897802,14.95354
50,0.4897802,14.98218
50,0.4897802,15.02955
50,0.4897802,15.06022
50,0.4949254,15.08666
50,0.4949254,15.12614
50,0.4949254,15.15551
50,0.5005883,15.19389
50,0.5005883,15.23612
50,0.5005883,15.27431
50,0.5005883,15.31324
50,0.5005883,15.34262
50,0.5005883,15.37402
50,0.5056539,15.40927
50,0.5056539,15.44655
50,0.5056539,15.47648
50,0.5056539,15.50843
50,0.5104805,15.54203
50,0.5104805,15.58352
50,0.5104805,15.62282
50,0.5157451,15.6544
50,0.5157451,15.6959
50,0.5157451,15.7295
50,0.5157451,15.76108
50,0.5157451,15.79321
50,0.5157451,15.82884
50,0.5211293,15.86446
50,0.5211293,15.89255
50,0.5211293,15.93093
50,0.5211293,15.96361
50,0.5266169,16.00162
50,0.5266169,16.02769
50,0.5266169,16.06038
50,0.5323036,16.10261
50,0.5323036,16.1531
50,0.5323036,16.18872
50,0.5323036,16.2137
50,0.5323036,16.24105
50,0.5323036,16.27429
50,0.5372258,16.31689
50,0.5372258,16.35728
50,0.5372258,16.39603
50,0.5372258,16.42449
50,0.5372258,16.4513
50,0.5420923,16.49096
50,0.5420923,16.52842
50,0.5476118,16.56312
50,0.5476118,16.60223
50,0.5476118,16.64079
50,0.5476118,16.66943
50,0.5476118,16.70101
50,0.5476118,16.73719
50,0.552765,16.77024
50,0.552765,16.80935
50,0.552765,16.83817
50,0.552765,16.87361
50,0.5578544,16.90887
50,0.5578544,16.94687
50,0.5578544,16.9746
50,0.5631509,17.00086
50,0.5631509,17.03281
50,0.5631509,17.06751
50,0.5631509,17.10387
50,0.5631509,17.14188
50,0.5631509,17.17493
50,0.5679218,17.2111
50,0.5679218,17.24232
50,0.5679218,17.27243
50,0.5679218,17.31595
50,0.5725572,17.35065
50,0.5725572,17.39251
50,0.5725572,17.41216
50,0.577567,17.44283
50,0.577567,17.48965
50,0.577567,17.52123
50,0.577567,17.55446
50,0.577567,17.58403
50,0.577567,17.61414
50,0.5826724,17.66518
50,0.5826724,17.70227
50,0.5826724,17.73073
50,0.5826724,17.76048
50,0.5884467,17.7928
50,0.5884467,17.82934
50,0.5884467,17.87139
50,0.5943565,17.90076
50,0.5943565,17.93859
50,0.5943565,17.97935
50,0.5943565,18.00469
50,0.5943565,18.03517
50,0.5943565,18.07392
50,0.598761,18.10127
50,0.598761,18.14057
50,0.598761,18.17619
50,0.598761,18.2153
50,0.6030221,18.24339
50,0.6030221,18.27644
50,0.6030221,18.3128
50,0.6082788,18.34695
50,0.6082788,18.38294
50,0.6082788,18.40773
50,0.6082788,18.44004
50,0.6082788,18.48099
50,0.6082788,18.51808
50,0.6136231,18.55334
50,0.6136231,18.58712
50,0.6136231,18.62715
50,0.6136231,18.65726
50,0.6188798,18.68554
50,0.6188798,18.7151
50,0.6188798,18.75697
50,0.6245029,18.79351
50,0.6245029,18.82105
50,0.6245029,18.85098
50,0.6245029,18.87779
50,0.6245029,18.91341
50,0.6245029,18.9483
50,0.6299188,18.98594
50,0.6299188,19.01311
50,0.6299188,19.05149
50,0.6299188,19.09225
50,0.6350879,19.12181
50,0.6350879,19.15156
50,0.6350879,19.18957
50,0.6401615,19.22794
50,0.6401615,19.25273
50,0.6401615,19.29294
50,0.6401615,19.32636
50,0.6401615,19.36217
50,0.6401615,19.39944
50,0.6448686,19.42203
50,0.6448686,19.4615
50,0.6448686,19.50006
50,0.6448686,19.53073
50,0.6498146,19.57057
50,0.6498146,19.60087
50,0.6498146,19.63116
50,0.654936,19.65852
50,0.654936,19.69782
50,0.654936,19.73234
50,0.654936,19.75823
50,0.654936,19.79807
50,0.654936,19.8291
50,0.6601369,19.85132
50,0.6601369,19.88786
50,0.6601369,19.93064
50,0.6601369,19.96773
50,0.665513,19.98591
50,0.665513,20.02117
50,0.665513,20.06156
50,0.6704034,20.10747
50,0.6704034,20.13721
50,0.6704034,20.16384
50,0.6704034,20.19652
50,0.6704034,20.23636
50,0.6704034,20.26262
50,0.6750069,20.30155
50,0.6750069,20.33001
50,0.6750069,20.35829
50,0.6750069,20.39703
50,0.6801123,20.43136
50,0.6801123,20.4624
50,0.6856955,20.49582
50,0.6856955,20.5307
50,0.6856955,20.55622
50,0.6856955,20.59203
50,0.6856955,20.62894
50,0.6856955,20.65666
50,0.6856955,20.68971
50,0.6912628,20.72442
50,0.6912628,20.75838
50,0.6912628,20.79217
50,0.6912628,20.82614
50,0.6966151,20.8579
50,0.6966151,20.88398
50,0.6966151,20.92548
50,0.7016169,20.96477
50,0.7016169,20.98772
50,0.7016169,21.02077
50,0.7016169,21.06539
50,0.7016169,21.0955
50,0.7016169,21.12543
50,0.7063161,21.15812
50,0.7063161,21.18805
50,0.7063161,21.23028
50,0.7063161,21.25727
50,0.7114055,21.29583
50,0.7114055,21.32925
50,0.7168773,21.35808
50,0.7168773,21.38305
50,0.7168773,21.42087
50,0.7168773,21.46384
50,0.7168773,21.4912
50,0.7168773,21.52168
50,0.7168773,21.57328
50,0.7219587,21.60816
50,0.7219587,21.6346
50,0.7219587,21.66417
50,0.7219587,21.69336
50,0.72708,21.72678
50,0.72708,21.75818
50,0.72708,21.78958
50,0.7325916,21.82134
50,0.7325916,21.84742
50,0.7325916,21.88689
50,0.7325916,21.92105
50,0.7325916,21.9484
50,0.7325916,21.98219
50,0.7376093,22.02148
50,0.7376093,22.05068
50,0.7376093,22.08208
50,0.7376093,22.11458
50,0.7422368,22.15148
50,0.7422368,22.17627
50,0.7475572,22.2084
50,0.7475572,22.24311
50,0.7475572,22.27653
50,0.7475572,22.3105
50,0.7475572,22.34979
50,0.7475572,22.37898
50,0.7475572,22.40157
50,0.753005,22.43517
50,0.753005,22.46804
50,0.753005,22.50201
50,0.753005,22.5301
50,0.7586918,22.5705
50,0.7586918,22.60961
50,0.7644423,22.64743
50,0.7644423,22.67442
50,0.7644423,22.70343
50,0.7644423,22.73483
50,0.7644423,22.76733
50,0.7644423,22.79249
50,0.7644423,22.82425
50,0.7695636,22.86447
50,0.7695636,22.89605
50,0.7695636,22.93204
50,0.7695636,22.97353
50,0.7748442,23.00016
50,0.7748442,23.03468
50,0.780539,23.06094
50,0.780539,23.08187
50,0.780539,23.12649
50,0.780539,23.16982
50,0.780539,23.20416
50,0.780539,23.23647
50,0.780539,23.27173
50,0.7858195,23.30551
50,0.7858195,23.32865
50,0.7858195,23.3617
50,0.7858195,23.40118
50,0.7909647,23.43074
50,0.7909647,23.457
50,0.795863,23.48417
50,0.795863,23.51888
50,0.795863,23.55762
50,0.795863,23.59104
50,0.795863,23.61711
50,0.795863,23.65034
50,0.795863,23.68505
50,0.8002914,23.717
50,0.8002914,23.73811
50,0.8002914,23.7697
50,0.8002914,23.80881
50,0.8052215,23.84461
50,0.8052215,23.87803
50,0.8103906,23.91145
50,0.8103906,23.94505
50,0.8103906,23.9691
50,0.8103906,23.99995
50,0.8103906,24.03814
50,0.8103906,24.06513
50,0.8103906,24.09727
50,0.8148667,24.12958
50,0.8148667,24.172
50,0.8148667,24.20652
50,0.8148667,24.24471
50,0.8195022,24.27188
50,0.8195022,24.29667
50,0.8249182,24.32697
50,0.8249182,24.3637
50,0.8249182,24.39729
50,0.8249182,24.42392
50,0.8249182,24.45752
50,0.8249182,24.49186
50,0.8306687,24.51738
50,0.8306687,24.55006
50,0.8306687,24.59285
50,0.8306687,24.62461
50,0.8306687,24.6483
50,0.8365704,24.67731
50,0.8365704,24.70853
50,0.8365704,24.73901
50,0.8421696,24.77444
50,0.8421696,24.81025
50,0.8421696,24.83743
50,0.8421696,24.87562
50,0.8421696,24.90867
50,0.8468928,24.93217
50,0.8468928,24.9542
50,0.8468928,24.99919
50,0.8468928,25.03426
50,0.8468928,25.06639
50,0.851783,25.09834
50,0.851783,25.13011
50,0.8570796,25.17179
50,0.8570796,25.20356
50,0.8570796,25.22724
50,0.8570796,25.25864
50,0.8570796,25.29389
50,0.8570796,25.3174
50,0.8618026,25.35651
50,0.8618026,25.39176
50,0.8618026,25.41765
50,0.8618026,25.45548
50,0.8618026,25.481
50,0.8669159,25.50358
50,0.8669159,25.5337
50,0.8726425,25.56767
50,0.8726425,25.60567
50,0.8726425,25.64736
50,0.8726425,25.67398
50,0.8726425,25.70593
50,0.8726425,25.73366
50,0.8780267,25.76652
50,0.8780267,25.78837
50,0.8780267,25.82124
50,0.8780267,25.86733
50,0.8833869,25.89212
50,0.8833869,25.92241
50,0.8833869,25.95289
50,0.8888029,25.98246
50,0.8888029,26.00431
50,0.8888029,26.03956
50,0.8888029,26.07794
50,0.8888029,26.10621
50,0.8888029,26.14128
50,0.8940197,26.16974
50,0.8940197,26.20445
50,0.8940197,26.23713
50,0.8940197,26.26724
50,0.8995871,26.29626
50,0.8995871,26.33169
50,0.8995871,26.35795
50,0.9058234,26.39265
50,0.9058234,26.43397
50,0.9058234,26.46133
50,0.9058234,26.48887
50,0.9058234,26.51311
50,0.9058234,26.54359
50,0.9113668,26.58252
50,0.9113668,26.61648
50,0.9113668,26.6398
50,0.9113668,26.67506
50,0.9113668,26.69874
50,0.9164165,26.73198
50,0.9164165,26.77256
50,0.921705,26.80451
50,0.921705,26.82746
50,0.921705,26.85537
50,0.921705,26.89393
50,0.921705,26.9211
50,0.921705,26.9547
50,0.9264997,26.98775
50,0.9264997,27.02393
50,0.9264997,27.04725
50,0.9264997,27.0814
50,0.9264997,27.11298
50,0.9313502,27.1431
50,0.9313502,27.1666
50,0.9365113,27.19524
50,0.9365113,27.22113
50,0.9365113,27.24721
50,0.9365113,27.27916
50,0.9365113,27.31955
50,0.9365113,27.34856
50,0.9411468,27.3851
50,0.9411468,27.42164
50,0.9411468,27.45304
50,0.9411468,27.47654
50,0.946053,27.50519
50,0.946053,27.52887
50,0.946053,27.56137
50,0.9520345,27.59443
50,0.9520345,27.62766
50,0.9520345,27.65906
50,0.9520345,27.68329
50,0.9520345,27.71396
50,0.9520345,27.74315
50,0.9576257,27.77877
50,0.9576257,27.80264
50,0.9576257,27.84212
50,0.9576257,27.8715
50,0.9629781,27.90694
50,0.9629781,27.93136
50,0.9629781,27.95744
50,0.9685692,27.9881
50,0.9685692,28.02041
50,0.9685692,28.05034
50,0.9685692,28.08376
50,0.9685692,28.11461
50,0.9685692,28.14454
50,0.9734994,28.17575
50,0.9734994,28.20036
50,0.9734994,28.22992
50,0.9734994,28.25857
50,0.9783419,28.28666
50,0.9783419,28.32246
50,0.9783419,28.34945
50,0.9834791,28.37333
50,0.9834791,28.4084
50,0.9834791,28.4319
50,0.9834791,28.46697
50,0.9834791,28.49928
50,0.9834791,28.52922
50,0.9881942,28.55419
50,0.9881942,28.57512
50,0.9881942,28.61753
50,0.9881942,28.64563
50,0.9934191,28.67354
50,0.9934191,28.70365
50,0.9934191,28.73211
50,0.9993767,28.75837
50,0.9993767,28.78554
50,0.9993767,28.80831
50,0.9993767,28.83788
50,0.9993767,28.8757
50,0.9993767,28.90177
50,1.00492,28.92271
50,1.00492,28.96549
50,1.00492,29.00221
50,1.00492,29.02535
50,1.01024,29.05087
50,1.01024,29.08576
50,1.01024,29.11275
50,1.015258,29.13515
50,1.015258,29.16784
50,1.015258,29.19666
50,1.015258,29.2242
50,1.015258,29.2578
50,1.015258,29.29306
50,1.019264,29.31179
50,1.019264,29.34576
50,1.019264,29.37771
50,1.019264,29.40653
50,1.02378,29.42784
50,1.02378,29.46676
50,1.02378,29.49265
50,1.029085,29.51781
50,1.029085,29.54315
50,1.029085,29.58299
50,1.029085,29.61714
50,1.029085,29.62981
50,1.029085,29.66158
50,1.034111,29.69316
50,1.034111,29.71832
50,1.034111,29.74751
50,1.034111,29.78552
50,1.039789,29.81471
50,1.039789,29.83271
50,1.039789,29.86153
50,1.045373,29.89551
50,1.045373,29.92378
50,1.045373,29.94288
50,1.045373,29.97373
50,1.045373,30.00237
50,1.045373,30.03248
50,1.049881,30.06719
50,1.049881,30.09032
50,1.049881,30.1208
50,1.049881,30.15073
50,1.055201,30.16891
50,1.055201,30.20104
50,1.055201,30.23281
50,1.061382,30.26458
50,1.061382,30.28385
50,1.061382,30.31231
50,1.061382,30.3417
50,1.061382,30.36446
50,1.061382,30.3876
50,1.06663,30.42157
50,1.06663,30.45774
50,1.06663,30.48859
50,1.06663,30.50768
50,1.071624,30.53265
50,1.071624,30.5703
50,1.071624,30.60408
50,1.077072,30.6274
50,1.077072,30.65788
50,1.077072,30.68175
50,1.077072,30.70782
50,1.077072,30.73739
50,1.077072,30.7552
50,1.082488,30.78954
50,1.082488,30.82185
50,1.082488,30.83911
50,1.082488,30.86775
50,1.087641,30.88648
50,1.087641,30.91843
50,1.087641,30.95093
50,1.092739,30.97829
50,1.092739,30.99886
50,1.092739,31.03466
50,1.092739,31.06386
50,1.092739,31.08901
50,1.092739,31.11912
50,1.097589,31.15199
50,1.097589,31.17293
50,1.097589,31.19441
50,1.097589,31.22213
50,1.102296,31.24729
50,1.102296,31.26896
50,1.102296,31.29081
50,1.107083,31.32422
50,1.107083,31.35966
50,1.107083,31.39014
50,1.107083,31.41438
50,1.107083,31.43072
50,1.107083,31.4579
50,1.111798,31.48654
50,1.111798,31.51959
50,1.111798,31.54622
50,1.111798,31.57541
50,1.117214,31.60718
50,1.117214,31.63142
50,1.117214,31.65437
50,1.123108,31.67916
50,1.123108,31.70596
50,1.123108,31.72689
50,1.123108,31.76509
50,1.123108,31.80199
50,1.123108,31.81448
50,1.128197,31.84147
50,1.128197,31.86736
50,1.128197,31.89197
50,1.128197,31.91933
50,1.133088,31.94999
50,1.133088,31.98157
50,1.133088,32.00636
50,1.138336,32.03794
50,1.138336,32.06126
50,1.138336,32.08458
50,1.138336,32.11102
50,1.138336,32.13287
50,1.138336,32.15582
50,1.143139,32.18814
50,1.143139,32.2144
50,1.143139,32.24267
50,1.143139,32.26875
50,1.147695,32.29629
50,1.147695,32.32016
50,1.152553,32.34789
50,1.152553,32.378
50,1.152553,32.40995
50,1.152553,32.43015
50,1.152553,32.44832
50,1.152553,32.47018
50,1.152553,32.50323
50,1.157276,32.52599
50,1.157276,32.56621
50,1.157276,32.58934
50,1.157276,32.62019
50,1.162199,32.6413
50,1.162199,32.6637
50,1.162199,32.69951
50,1.167551,32.72907
50,1.167551,32.7412
50,1.167551,32.75937
50,1.167551,32.79591
50,1.167551,32.81794
50,1.167551,32.83777
50,1.172529,32.86715
50,1.172529,32.89249
50,1.172529,32.92646
50,1.172529,32.95217
50,1.177339,32.97659
50,1.177339,33.00009
50,1.182389,33.02267
50,1.182389,33.05922
50,1.182389,33.09355
50,1.182389,33.11118
50,1.182389,33.12679
50,1.182389,33.14974
50,1.187287,33.17086
50,1.187287,33.20262
50,1.187287,33.22943
50,1.187287,33.25459
50,1.192369,33.28672
50,1.192369,33.3194
50,1.192369,33.33372
50,1.197323,33.35796
50,1.197323,33.39744
50,1.197323,33.42057
50,1.197323,33.4382
50,1.197323,33.46721
50,1.197323,33.49935
50,1.201409,33.51477
50,1.201409,33.53992
50,1.201409,33.56471
50,1.201409,33.59519
50,1.205845,33.62145
50,1.205845,33.6523
50,1.205845,33.67378
50,1.211054,33.69379
50,1.211054,33.71877
50,1.211054,33.75071
50,1.211054,33.77863
50,1.211054,33.80066
50,1.211054,33.82912
50,1.215745,33.85409
50,1.215745,33.87686
50,1.215745,33.90183
50,1.215745,33.92754
50,1.220643,33.94847
50,1.220643,33.98262
50,1.220643,33.99768
50,1.226498,34.01935
50,1.226498,34.04873
50,1.226498,34.08049
50,1.226498,34.10968
50,1.226498,34.12805
50,1.226498,34.15155
50,1.232144,34.17542
50,1.232144,34.20278
50,1.232144,34.2351
50,1.232144,34.2575
50,1.237361,34.27917
50,1.237361,34.30487
50,1.237361,34.32561
50,1.242554,34.35537
50,1.242554,34.36932
50,1.242554,34.39319
50,1.242554,34.41155
50,1.242554,34.44423
50,1.242554,34.48261
50,1.247484,34.50373
50,1.247484,34.52246
50,1.247484,34.54633
50,1.252104,34.57663
50,1.252104,34.60104
50,1.252104,34.62455
50,1.252104,34.65099
50,1.256668,34.67963
50,1.256668,34.69561
50,1.256668,34.71672
50,1.256668,34.74867
50,1.256668,34.76667
50,1.256668,34.79384
50,1.260945,34.81147
50,1.260945,34.83442
50,1.260945,34.86545
50,1.260945,34.87996
50,1.265493,34.90952
50,1.265493,34.92935
50,1.265493,34.9534
50,1.270383,34.98297
50,1.270383,35.00353
50,1.270383,35.02593
50,1.270383,35.04558
50,1.270383,35.07753
50,1.270383,35.09919
50,1.275146,35.12123
50,1.275146,35.13739
50,1.275146,35.1596
50,1.275146,35.19137
50,1.279925,35.21046
50,1.279925,35.23103
50,1.279925,35.25508
50,1.284895,35.2729
50,1.284895,35.30154
50,1.284895,35.32082
50,1.284895,35.34101
50,1.284895,35.36121
50,1.284895,35.38472
50,1.289992,35.41208
50,1.289992,35.43576
50,1.289992,35.45779
50,1.289992,35.48883
50,1.294986,35.51068
50,1.294986,35.51986
50,1.294986,35.54134
50,1.299892,35.56301
50,1.299892,35.58761
50,1.299892,35.60451
50,1.299892,35.6315
50,1.299892,35.65776
50,1.299892,35.67685
50,1.304735,35.70146
50,1.304735,35.72055
50,1.304735,35.73782
50,1.304735,35.75636
50,1.309577,35.776
50,1.309577,35.79565
50,1.309577,35.81456
50,1.314483,35.83917
50,1.314483,35.86781
50,1.314483,35.88066
50,1.314483,35.90252
50,1.314483,35.91757
50,1.314483,35.95007
50,1.318928,35.97449
50,1.318928,35.98478
50,1.318928,36.00644
50,1.318928,36.02554
50,1.323292,36.03968
50,1.323292,36.06502
50,1.323292,36.0933
50,1.327856,36.10945
50,1.327856,36.12286
50,1.327856,36.13902
50,1.327856,36.1594
50,1.327856,36.18584
50,1.327856,36.20879
50,1.3323,36.22789
50,1.3323,36.25377
50,1.3323,36.26755
50,1.3323,36.27746
50,1.336641,36.29674
50,1.336641,36.31308
50,1.34103,36.33677
50,1.34103,36.36082
50,1.34103,36.38065
50,1.34103,36.40269
50,1.34103,36.42197
50,1.34103,36.44326
50,1.34103,36.46989
50,1.34514,36.48275
50,1.34514,36.4989
50,1.34514,36.52131
50,1.34514,36.54958
50,1.349464,36.56519
50,1.349464,36.56831
50,1.353956,36.58612
50,1.353956,36.61458
50,1.353956,36.63
50,1.353956,36.65314
50,1.353956,36.67022
50,1.353956,36.68674
50,1.353956,36.7108
50,1.357867,36.72861
50,1.357867,36.74366
50,1.357867,36.76111
50,1.357867,36.77359
50,1.361754,36.79746
50,1.361754,36.81803
50,1.361754,36.84355
50,1.365991,36.85806
50,1.365991,36.86136
50,1.365991,36.88596
50,1.365991,36.90984
50,1.365991,36.92765
50,1.365991,36.94252
50,1.370228,36.95831
50,1.370228,36.98071
50,1.370228,36.99816
50,1.370228,37.00917
50,1.374442,37.03763
50,1.374442,37.05728
50,1.378488,37.06554
50,1.378488,37.09474
50,1.378488,37.11181
50,1.378488,37.12834
50,1.378488,37.14138
50,1.378488,37.15386
50,1.378488,37.17718
50,1.382438,37.19958
50,1.382438,37.21647
50,1.382438,37.23282
50,1.382438,37.24714
50,1.38693,37.25834
50,1.38693,37.28257
50,1.38693,37.2991
50,1.391645,37.31857
50,1.391645,37.33693
50,1.391645,37.36116
50,1.391645,37.37163
50,1.391645,37.38963
50,1.391645,37.40909
50,1.396082,37.4291
50,1.396082,37.43865
50,1.396082,37.45977
50,1.396082,37.47464
50,1.400597,37.48914
50,1.400597,37.51283
50,1.404548,37.5288
50,1.404548,37.54184
50,1.404548,37.56112
50,1.404548,37.5782
50,1.404548,37.60133
50,1.404548,37.623
50,1.404548,37.63677
50,1.407591,37.64724
50,1.407591,37.65495
50,1.407591,37.67827
50,1.407591,37.70049
50,1.411151,37.715
50,1.411151,37.73152
50,1.415715,37.7385
50,1.415715,37.76072
50,1.415715,37.78238
50,1.415715,37.79799
50,1.415715,37.8147
50,1.415715,37.83287
50,1.420254,37.83894
50,1.420254,37.85234
50,1.420254,37.86758
50,1.420254,37.88465
50,1.420254,37.90393
50,1.424523,37.92524
50,1.424523,37.94506
50,1.42841,37.95204
50,1.42841,37.96912
50,1.42841,37.99042
50,1.42841,37.99868
50,1.42841,38.01117
50,1.42841,38.02824
50,1.42841,38.03981
50,1.431771,38.0545
50,1.431771,38.08112
50,1.431771,38.09269
50,1.431771,38.10518
50,1.434957,38.12317
50,1.434957,38.12721
50,1.438199,38.14814
50,1.438199,38.17587
50,1.438199,38.19184
50,1.438199,38.20654
50,1.438199,38.21535
50,1.438199,38.23536
50,1.438199,38.25519
50,1.441783,38.2607
50,1.441783,38.26952
50,1.441783,38.28843
50,1.441783,38.29908
50,1.445925,38.3235
50,1.445925,38.34425
50,1.445925,38.36224
50,1.45017,38.3694
50,1.45017,38.37473
50,1.45017,38.38207
50,1.45017,38.40355
50,1.45017,38.42485
50,1.45017,38.44138
50,1.454152,38.45589
50,1.454152,38.4669
50,1.454152,38.47774
50,1.454152,38.49793
50,1.458238,38.51905
50,1.458238,38.53337
50,1.461918,38.53796
50,1.461918,38.55431
50,1.461918,38.56459
50,1.461918,38.58056
50,1.461918,38.59103
50,1.461918,38.60315
50,1.464912,38.61747
50,1.464912,38.63803
50,1.464912,38.65878
50,1.464912,38.67549
50,1.464912,38.69881
50,1.468289,38.71809
50,1.468289,38.73517
50,1.472041,38.75739
50,1.472041,38.77758
50,1.472041,38.79227
50,1.472041,38.83267
50,1.472041,38.85892
50,1.472041,38.87747
50,1.475577,38.89014
50,1.475577,38.91732
50,1.475577,38.94853
50,1.475577,38.97552
50,1.475577,38.99884
50,1.479647,39.02326
50,1.479647,39.05521
50,1.484346,39.07724
50,1.484346,39.10112
50,1.484346,39.12553
50,1.484346,39.14904
50,1.484346,39.17126
50,1.484346,39.20229
50,1.488934,39.21183
50,1.488934,39.23919
50,1.488934,39.27371
50,1.493824,39.2963
50,1.493824,39.32384
50,1.493824,39.34698
50,1.493824,39.37011
50,1.499192,39.38847
50,1.499192,39.41657
50,1.499192,39.43493
50,1.499192,39.45843
50,1.499192,39.48818
50,1.499192,39.51315
50,1.504545,39.53482
50,1.504545,39.55685
50,1.504545,39.58384
50,1.504545,39.59357
50,1.504545,39.61634
50,1.510749,39.6516
50,1.510749,39.67657
50,1.517105,39.70026
50,1.517105,39.72449
50,1.517105,39.75773
50,1.517105,39.77627
50,1.517105,39.79683
50,1.517105,39.81961
50,1.52217,39.84898
50,1.52217,39.87267
50,1.52217,39.89563
50,1.52217,39.91894
50,1.52217,39.93694
50,1.527037,39.9586
50,1.527037,39.98596
50,1.532652,40.00891
50,1.532652,40.03113
50,1.532652,40.0561
50,1.532652,40.07226
50,1.532652,40.09925
50,1.532652,40.12111
50,1.538387,40.14681
50,1.538387,40.16885
50,1.538387,40.18574
50,1.538387,40.21291
50,1.544304,40.24357
50,1.544304,40.268
50,1.544304,40.28764
50,1.550349,40.30729
50,1.550349,40.32859
50,1.550349,40.35117
50,1.550349,40.3789
50,1.550349,40.40258
50,1.550349,40.42462
50,1.556084,40.44188
50,1.556084,40.47126
50,1.556084,40.49183
50,1.556084,40.5111
50,1.562137,40.53241
50,1.562137,40.5605
50,1.562137,40.57721
50,1.568063,40.59814
50,1.568063,40.62605
50,1.568063,40.64533
50,1.568063,40.66259
50,1.568063,40.68536
50,1.568063,40.70831
50,1.573136,40.72006
50,1.573136,40.74522
50,1.573136,40.76615
50,1.573136,40.78506
50,1.578043,40.80691
50,1.578043,40.83868
50,1.578043,40.8664
50,1.583021,40.8833
50,1.583021,40.89119
50,1.583021,40.91212
50,1.583021,40.93801
50,1.583021,40.96482
50,1.583021,40.99347
50,1.587847,41.00412
50,1.587847,41.02909
50,1.587847,41.04947
50,1.587847,41.07205
50,1.59367,41.0895
50,1.59367,41.10896
50,1.600201,41.12677
50,1.600201,41.15487
50,1.600201,41.18149
50,1.600201,41.1892
50,1.600201,41.20242
50,1.600201,41.23309
50,1.600201,41.25714
50,1.606126,41.27642
50,1.606126,41.28762
50,1.606126,41.30323
50,1.606126,41.32819
50,1.612156,41.35041
50,1.612156,41.37282
50,1.612156,41.39449
50,1.618655,41.40954
50,1.618655,41.43488
50,1.618655,41.46077
50,1.618655,41.47326
50,1.618655,41.49143
50,1.618655,41.51016
50,1.624764,41.52705
50,1.624764,41.55221
50,1.624764,41.57957
50,1.624764,41.59719
50,1.624764,41.60858
50,1.63053,41.63411
50,1.63053,41.64953
50,1.63589,41.67615
50,1.63589,41.69708
50,1.63589,41.71343
50,1.63589,41.73362
50,1.63589,41.75382
50,1.63589,41.77034
50,1.640574,41.78779
50,1.640574,41.80633
50,1.640574,41.82984
50,1.640574,41.85371
50,1.64583,41.87445
50,1.64583,41.88437
50,1.64583,41.90402
50,1.651851,41.93633
50,1.651851,41.95029
50,1.651851,41.96443
50,1.651851,41.97581
50,1.651851,41.99803
50,1.651851,42.01603
50,1.657514,42.03604
50,1.657514,42.04228
50,1.657514,42.06248
50,1.657514,42.08837
50,1.663464,42.10783
50,1.663464,42.1273
50,1.663464,42.13886
50,1.669629,42.15135
50,1.669629,42.171
50,1.669629,42.18752
50,1.669629,42.20864
50,1.669629,42.23544
50,1.669629,42.25197
50,1.675172,42.26942
50,1.675172,42.28319
50,1.675172,42.29769
50,1.675172,42.31734
50,1.681281,42.34249
50,1.681281,42.36599
50,1.681281,42.37995
50,1.687947,42.39189
50,1.687947,42.40639
50,1.687947,42.42237
50,1.687947,42.44862
50,1.687947,42.47323
50,1.687947,42.48351
50,1.693937,42.49857
50,1.693937,42.50775
50,1.693937,42.5296
50,1.693937,42.54869
50,1.699998,42.57036
50,1.699998,42.59074
50,1.699998,42.59956
50,1.706195,42.61168
50,1.706195,42.63463
50,1.706195,42.64895
50,1.706195,42.66511
50,1.706195,42.67558
50,1.706195,42.691
50,1.712463,42.71799
50,1.712463,42.73213
50,1.712463,42.74462
50,1.712463,42.76701
50,1.71889,42.78262
50,1.71889,42.78813
50,1.71889,42.80704
50,1.724888,42.82265
50,1.724888,42.84358
50,1.724888,42.85515
50,1.724888,42.86966
50,1.724888,42.88269
50,1.724888,42.90051
50,1.730296,42.92144
50,1.730296,42.94733
50,1.730296,42.95577
50,1.730296,42.96881
50,1.736078,42.98093
50,1.736078,42.99966
50,1.736078,43.0193
50,1.742617,43.03711
50,1.742617,43.0496
50,1.742617,43.06245
50,1.742617,43.0788
50,1.742617,43.0933
50,1.742617,43.11203
50,1.748423,43.13039
50,1.748423,43.15463
50,1.748423,43.1706
50,1.748423,43.17464
50,1.754198,43.19227
50,1.754198,43.19888
50,1.754198,43.20806
50,1.760904,43.22789
50,1.760904,43.24221
50,1.760904,43.25948
50,1.760904,43.2771
50,1.760904,43.28445
50,1.76753,43.30207
50,1.76753,43.31603
50,1.76753,43.32815
50,1.76753,43.33751
50,1.76753,43.35257
50,1.77356,43.36487
50,1.77356,43.37956
50,1.77356,43.38525
50,1.779318,43.41316
50,1.779318,43.43409
50,1.779318,43.44236
50,1.779318,43.45503
50,1.779318,43.46219
50,1.779318,43.47467
50,1.785013,43.5024
50,1.785013,43.5125
50,1.785013,43.52333
50,1.785013,43.53435
50,1.790931,43.54298
50,1.790931,43.55968
50,1.797231,43.57089
50,1.797231,43.58301
50,1.797231,43.60357
50,1.797231,43.61422
50,1.797231,43.62579
50,1.797231,43.63626
50,1.797231,43.65131
50,1.803666,43.66619
50,1.803666,43.67114
50,1.803666,43.67812
50,1.803666,43.69024
50,1.810189,43.70511
50,1.810189,43.7299
50,1.816561,43.74349
50,1.816561,43.75212
50,1.816561,43.76754
50,1.816561,43.77856
50,1.816561,43.78425
50,1.816561,43.79894
50,1.816561,43.80426
50,1.822192,43.81234
50,1.822192,43.83731
50,1.822192,43.85292
50,1.822192,43.86082
50,1.827847,43.86559
50,1.827847,43.87808
50,1.834163,43.89515
50,1.834163,43.90672
50,1.834163,43.91792
50,1.834163,43.92802
50,1.834163,43.9418
50,1.834163,43.9473
50,1.834163,43.95832
50,1.83985,43.96603
50,1.83985,43.97998
50,1.83985,43.99706
50,1.83985,44.00606
50,1.846142,44.01414
50,1.846142,44.0213
50,1.853469,44.03397
50,1.853469,44.04683
50,1.853469,44.06482
50,1.853469,44.06647
50,1.853469,44.06941
50,1.853469,44.07583
50,1.853469,44.09052
50,1.860199,44.1076
50,1.860199,44.11201
50,1.860199,44.12064
50,1.860199,44.13312
50,1.866723,44.13661
50,1.866723,44.14744
50,1.873405,44.16434
50,1.873405,44.17113
50,1.873405,44.17719
50,1.873405,44.19133
50,1.873405,44.20271
50,1.873405,44.20473
50,1.873405,44.20969
50,1.879729,44.21483
50,1.879729,44.23338
50,1.879729,44.23944
50,1.886164,44.24752
50,1.886164,44.26404
50,1.886164,44.28056
50,1.886164,44.28185
50,1.893245,44.28791
50,1.893245,44.29874
50,1.893245,44.30664
50,1.893245,44.30737
50,1.893245,44.31306
50,1.893245,44.3228
50,1.899776,44.33327
50,1.899776,44.34538
50,1.899776,44.34869
50,1.899776,44.3676
50,1.906172,44.38266
50,1.906172,44.38431
50,1.912376,44.38468
50,1.912376,44.39257
50,1.912376,44.40047
50,1.912376,44.4102
50,1.912376,44.41736
50,1.912376,44.42305
50,1.912376,44.42838
50,1.91776,44.43645
50,1.91776,44.4449
50,1.91776,44.45133
50,1.91776,44.46455
50,1.91776,44.46859
50,1.91776,44.47373
50,1.923861,44.47263
50,1.923861,44.48273
50,1.923861,44.48989
50,1.930679,44.50017
50,1.930679,44.50752
50,1.930679,44.51302
50,1.930679,44.52092
50,1.937186,44.52973
50,1.937186,44.53322
50,1.937186,44.53763
50,1.937186,44.5492
50,1.944291,44.54901
50,1.944291,44.55287
50,1.95165,44.56223
50,1.95165,44.56792
50,1.95165,44.5738
50,1.95165,44.57986
50,1.95165,44.5828
50,1.95165,44.59198
50,1.958101,44.59822
50,1.958101,44.59657
50,1.958101,44.60593
50,1.958101,44.61255
50,1.958101,44.61677
50,1.964433,44.6186
50,1.964433,44.62613
50,1.971108,44.63182
50,1.971108,44.6377
50,1.971108,44.65551
50,1.971108,44.65955
50,1.971108,44.65386
50,1.971108,44.6489
50,1.977679,44.66084
50,1.977679,44.6702
50,1.977679,44.67295
50,1.977679,44.6735
50,1.977679,44.6803
50,1.98452,44.68526
50,1.98452,44.68581
50,1.991601,44.70197
50,1.991601,44.7106
50,1.991601,44.70858
50,1.991601,44.71243
50,1.991601,44.71408
50,1.991601,44.71023
50,1.998068,44.7161
50,1.998068,44.71629
50,1.998068,44.71867
50,1.998068,44.72455
50,1.998068,44.73061
50,2.004328,44.73208
50,2.004328,44.74126
50,2.010995,44.73905
50,2.010995,44.74732
50,2.010995,44.75099
50,2.010995,44.75026
50,2.010995,44.75209
50,2.010995,44.75558
50,2.017869,44.75412
50,2.017869,44.76403
50,2.017869,44.76623
50,2.017869,44.7655
50,2.017869,44.77009
50,2.025244,44.7677
50,2.025244,44.76201
50,2.033033,44.76348
50,2.033033,44.77615
50,2.033033,44.77211
50,2.033033,44.77871
50,2.033033,44.78019
50,2.033033,44.78019
50,2.040233,44.78808
50,2.040233,44.79285
50,2.040233,44.79433
50,2.040233,44.79708
50,2.046741,44.79598
50,2.046741,44.79634
50,2.046741,44.798
50,2.053064,44.7991
50,2.053064,44.7912
50,2.053064,44.79322
50,2.053064,44.79947
50,2.053064,44.80571
50,2.053064,44.80534
50,2.058958,44.80314
50,2.058958,44.80516
50,2.058958,44.80956
50,2.058958,44.80424
50,2.06498,44.80809
50,2.06498,44.80461
50,2.06498,44.8114
50,2.071654,44.81067
50,2.071654,44.80075
50,2.071654,44.80773
50,2.071654,44.80901
50,2.071654,44.81158
50,2.071654,44.81434
50,2.078153,44.81562
50,2.078153,44.81709
50,2.078153,44.81746
50,2.078153,44.82499
50,2.085106,44.82315
50,2.085106,44.81728
50,2.085106,44.81911
50,2.085106,44.81525
50,2.085106,44.81085
50,2.092705,44.82003
50,2.092705,44.81985
50,2.092705,44.82022
50,2.092705,44.8226
50,2.099578,44.82022
50,2.099578,44.80846
50,2.099578,44.81085
50,2.099578,44.80608
50,2.099578,44.8092
50,2.10634,44.81397
50,2.10634,44.81489
50,2.113309,44.8125
50,2.113309,44.80149
50,2.113309,44.79726
50,2.113309,44.80442
50,2.113309,44.80516
50,2.113309,44.80718
50,2.120151,44.81158
50,2.120151,44.81416
50,2.120151,44.81342
50,2.120151,44.81158
50,2.120151,44.80865
50,2.127542,44.80149
50,2.127542,44.79451
50,2.134957,44.79689
50,2.134957,44.79414
50,2.134957,44.79322
50,2.134957,44.80461
50,2.134957,44.8092
50,2.141226,44.80075
50,2.141226,44.79837
50,2.141226,44.79249
50,2.141226,44.78368
50,2.141226,44.78955
50,2.147932,44.78881
50,2.147932,44.789
50,2.147932,44.78423
50,2.155562,44.78551
50,2.155562,44.77523
50,2.155562,44.7767
50,2.155562,44.77578
50,2.155562,44.78
50,2.155562,44.78092
50,2.16277,44.77596
50,2.16277,44.77504
50,2.16277,44.76862
50,2.16277,44.77137
50,2.17005,44.76458
50,2.17005,44.76054
50,2.17005,44.7655
50,2.177329,44.76733
50,2.177329,44.75521
50,2.177329,44.75227
50,2.177329,44.75154
50,2.177329,44.75485
50,2.177329,44.74768
50,2.183797,44.74879
50,2.183797,44.75063
50,2.183797,44.75007
50,2.183797,44.74291
50,2.190264,44.72051
50,2.190264,44.715
50,2.190264,44.72271
50,2.197018,44.72859
50,2.197018,44.71666
50,2.197018,44.72124
50,2.197018,44.72896
50,2.197018,44.72087
50,2.197018,44.71519
50,2.203462,44.70729
50,2.203462,44.70747
50,2.203462,44.71261
50,2.203462,44.70894
50,2.209698,44.69829
50,2.209698,44.69315
50,2.209698,44.68801
50,2.216022,44.68544
50,2.216022,44.68673
50,2.216022,44.68158
50,2.216022,44.68452
50,2.216022,44.68654
50,2.216022,44.6792
50,2.222585,44.67773
50,2.222585,44.67553
50,2.222585,44.66671
50,2.222585,44.66157
50,2.229801,44.66708
50,2.229801,44.66249
50,2.229801,44.65129
50,2.237001,44.64706
50,2.237001,44.64761
50,2.237001,44.64909
50,2.237001,44.63384
50,2.237001,44.62852
50,2.237001,44.63733
50,2.243213,44.63807
50,2.243213,44.62687
50,2.243213,44.62778
50,2.243213,44.63293
50,2.249808,44.62246
50,2.249808,44.62026
50,2.249808,44.6153
50,2.257096,44.60759
50,2.257096,44.6063
50,2.257096,44.60704
50,2.257096,44.59565
50,2.257096,44.59785
50,2.257096,44.58831
50,2.264184,44.58408
50,2.264184,44.57692
50,2.264184,44.57729
50,2.264184,44.57747
50,2.271225,44.576
50,2.271225,44.55471
50,2.271225,44.5536
50,2.278202,44.55746
50,2.278202,44.55599
50,2.278202,44.55067
50,2.278202,44.5413
50,2.278202,44.53763
50,2.278202,44.53983
50,2.284956,44.54094
50,2.284956,44.53836
50,2.284956,44.53193
50,2.284956,44.53378
50,2.291997,44.52698
50,2.291997,44.52129
50,2.291997,44.52147
50,2.299205,44.5099
50,2.299205,44.51009
50,2.299205,44.50568
50,2.299205,44.49705
50,2.299205,44.49374
50,2.305999,44.48401
50,2.305999,44.48218
50,2.305999,44.48658
50,2.305999,44.48199
50,2.305999,44.48052
50,2.312593,44.46712
50,2.312593,44.46822
50,2.312593,44.46932
50,2.319268,44.47593
50,2.319268,44.45684
50,2.319268,44.45133
50,2.319268,44.45078
50,2.319268,44.45005
50,2.319268,44.44857
50,2.325831,44.43021
50,2.325831,44.42085
50,2.325831,44.42562
50,2.325831,44.4203
50,2.332354,44.41846
50,2.332354,44.41093
50,2.338766,44.4146
50,2.338766,44.41075
50,2.338766,44.39735
50,2.338766,44.40065
50,2.338766,44.39294
50,2.338766,44.39808
50,2.338766,44.39716
50,2.345098,44.38982
50,2.345098,44.37366
50,2.345098,44.36374
50,2.345098,44.36632
50,2.352186,44.36411
50,2.352186,44.37201
50,2.352186,44.36668
50,2.359466,44.36429
50,2.359466,44.36117
50,2.359466,44.34649
50,2.359466,44.32849
50,2.359466,44.33216
50,2.359466,44.31913
50,2.366037,44.31839
50,2.366037,44.32188
50,2.366037,44.32114
50,2.366037,44.31013
50,2.366037,44.31197
50,2.372942,44.30921
50,2.372942,44.30517
50,2.372942,44.30113
50,2.372942,44.29434
50,2.380214,44.28515
50,2.380214,44.28901
50,2.380214,44.27763
50,2.380214,44.26588
50,2.387733,44.26202
50,2.387733,44.26643
50,2.387733,44.27139
50,2.387733,44.26147
50,2.395474,44.25064
50,2.395474,44.25247
50,2.395474,44.25082
50,2.402125,44.24513
50,2.402125,44.23723
50,2.402125,44.23447
50,2.402125,44.22952
50,2.402125,44.22768
50,2.402125,44.22401
50,2.408066,44.21704
50,2.408066,44.20914
50,2.408066,44.2084
50,2.408066,44.19812
50,2.41451,44.20216
50,2.41451,44.20675
50,2.421487,44.20216
50,2.421487,44.19463
50,2.421487,44.1838
50,2.421487,44.17223
50,2.421487,44.16434
50,2.421487,44.15993
50,2.421487,44.16195
50,2.42805,44.16305
50,2.42805,44.14634
50,2.42805,44.14708
50,2.42805,44.1434
50,2.434628,44.13514
50,2.434628,44.13881
50,2.434628,44.13239
50,2.441558,44.13404
50,2.441558,44.12339
50,2.441558,44.12284
50,2.441558,44.11605
50,2.441558,44.1076
50,2.441558,44.10797
50,2.447786,44.10136
50,2.447786,44.09365
50,2.447786,44.09365
50,2.447786,44.09676
50,2.453975,44.08997
50,2.453975,44.07803
50,2.460442,44.0784
50,2.460442,44.07327
50,2.460442,44.05894
50,2.460442,44.05674
50,2.460442,44.05986
50,2.460442,44.05582
50,2.460442,44.04774
50,2.46628,44.04683
50,2.46628,44.04168
50,2.46628,44.03837
50,2.46628,44.02534
50,2.47258,44.02167
50,2.47258,44.01965
50,2.479486,44.01396
50,2.479486,44.01524
50,2.479486,44.00496
50,2.479486,43.99945
50,2.479486,43.99927
50,2.479486,43.99761
50,2.479486,43.99192
50,2.485698,43.98072
50,2.485698,43.98274
50,2.485698,43.97374
50,2.485698,43.96548
50,2.491934,43.96107
50,2.491934,43.96254
50,2.498872,43.95887
50,2.498872,43.94712
50,2.498872,43.94418
50,2.498872,43.944
50,2.498872,43.94436
50,2.498872,43.9339
50,2.505913,43.92307
50,2.505913,43.92564
50,2.505913,43.92637
50,2.505913,43.91792
50,2.505913,43.90874
50,2.513104,43.91315
50,2.513104,43.89828
50,2.520066,43.88781
50,2.520066,43.8902
50,2.520066,43.89001
50,2.520066,43.88597
50,2.520066,43.87808
50,2.520066,43.8722
50,2.526628,43.86541
50,2.526628,43.86266
50,2.526628,43.86339
50,2.526628,43.85954
50,2.526628,43.84833
50,2.533892,43.84521
50,2.533892,43.83585
50,2.541459,43.83731
50,2.541459,43.83125
50,2.541459,43.82961
50,2.541459,43.82299
50,2.541459,43.81914
50,2.541459,43.81289
50,2.548261,43.80518
50,2.548261,43.80757
50,2.548261,43.80665
50,2.548261,43.80114
50,2.548261,43.79288
50,2.554577,43.78737
50,2.554577,43.78994
50,2.560199,43.77305
50,2.560199,43.76754
50,2.560199,43.76332
50,2.560199,43.76405
50,2.560199,43.75891
50,2.560199,43.74937
50,2.565751,43.74385
50,2.565751,43.74276
50,2.565751,43.73945
50,2.565751,43.72403
50,2.565751,43.72843
50,2.572489,43.731
50,2.572489,43.71943
50,2.580127,43.71447
50,2.580127,43.71632
50,2.580127,43.71227
50,2.580127,43.70842
50,2.580127,43.69226
50,2.580127,43.69575
50,2.587041,43.68712
50,2.587041,43.67886
50,2.587041,43.67371
50,2.587041,43.66068
50,2.587041,43.65701
50,2.593293,43.65994
50,2.593293,43.65903
50,2.599975,43.66545
50,2.599975,43.65554
50,2.599975,43.64507
50,2.599975,43.64452
50,2.599975,43.64048
50,2.599975,43.62579
50,2.60653,43.62358
50,2.60653,43.62469
50,2.60653,43.62175
50,2.60653,43.60908
50,2.60653,43.60651
50,2.613364,43.6089
50,2.613364,43.60284
50,2.613364,43.60229
50,2.620182,43.58668
50,2.620182,43.5775
50,2.620182,43.58135
50,2.620182,43.57823
50,2.620182,43.57125
50,2.620182,43.56832
50,2.625924,43.56409
50,2.625924,43.55583
50,2.625924,43.54739
50,2.625924,43.54408
50,2.631611,43.53379
50,2.631611,43.53527
50,2.631611,43.53416
50,2.637608,43.52645
50,2.637608,43.51782
50,2.637608,43.51947
50,2.637608,43.51085
50,2.637608,43.5046
50,2.643335,43.51213
50,2.643335,43.50735
50,2.643335,43.49358
50,2.648886,43.4822
50,2.648886,43.48441
50,2.648886,43.48587
50,2.648886,43.48092
50,2.654748,43.47192
50,2.654748,43.462
50,2.654748,43.46053
50,2.654748,43.45539
50,2.654748,43.45007
50,2.654748,43.44162
50,2.660953,43.43666
50,2.660953,43.43226
50,2.660953,43.42657
50,2.660953,43.43005
50,2.660953,43.43061
50,2.667532,43.42197
50,2.667532,43.41996
50,2.674214,43.41867
50,2.674214,43.40949
50,2.674214,43.39719
50,2.674214,43.39168
50,2.674214,43.39186
50,2.674214,43.38287
50,2.680339,43.38543
50,2.680339,43.38268
50,2.680339,43.37975
50,2.680339,43.37662
50,2.68609,43.37332
50,2.68609,43.36707
50,2.68609,43.36322
50,2.69188,43.34926
50,2.69188,43.35018
50,2.69188,43.3432
50,2.69188,43.33017
50,2.69188,43.32888
50,2.69188,43.32741
50,2.697973,43.32154
50,2.697973,43.32631
50,2.697973,43.32521
50,2.697973,43.31309
50,2.704918,43.30777
50,2.704918,43.3063
50,2.704918,43.29253
50,2.711799,43.28701
50,2.711799,43.2782
50,2.711799,43.27233
50,2.711799,43.26902
50,2.711799,43.27269
50,2.711799,43.25948
50,2.717717,43.25892
50,2.717717,43.25507
50,2.717717,43.24552
50,2.717717,43.23634
50,2.723643,43.2435
50,2.723643,43.24166
50,2.723643,43.23138
50,2.729776,43.2233
50,2.729776,43.22257
50,2.729776,43.21852
50,2.729776,43.21394
50,2.729776,43.20788
50,2.735558,43.20623
50,2.735558,43.20751
50,2.735558,43.20366
50,2.735558,43.19649
50,2.735558,43.19117
50,2.74146,43.18731
50,2.74146,43.1796
50,2.74146,43.17795
50,2.747107,43.17428
50,2.747107,43.17538
50,2.747107,43.16198
50,2.747107,43.15096
50,2.747107,43.15133
50,2.747107,43.14233
50,2.752141,43.13351
50,2.752141,43.14269
50,2.752141,43.14233
50,2.752141,43.12911
50,2.757811,43.11148
50,2.757811,43.11442
50,2.757811,43.11773
50,2.763904,43.11846
50,2.763904,43.1124
50,2.763904,43.10083
50,2.763904,43.0933
50,2.763904,43.09055
50,2.763904,43.09073
50,2.769265,43.08577
50,2.769265,43.08081
50,2.769265,43.07549
50,2.769265,43.06447
50,2.774282,43.05309
50,2.774282,43.04244
50,2.774282,43.04721
50,2.779428,43.05052
50,2.779428,43.0496
50,2.779428,43.0351
50,2.779428,43.03307
50,2.779428,43.02187
50,2.779428,43.02298
50,2.785393,43.01949
50,2.785393,43.01619
50,2.785393,43.01343
50,2.785393,43.00351
50,2.792322,42.99011
50,2.792322,42.98956
50,2.792322,42.98846
50,2.798965,42.98405
50,2.798965,42.98735
50,2.798965,42.98185
50,2.798965,42.97689
50,2.798965,42.96716
50,2.798965,42.95853
50,2.80466,42.95706
50,2.80466,42.95871
50,2.80466,42.9521
50,2.80466,42.9532
50,2.810012,42.942
50,2.810012,42.93447
50,2.810012,42.93282
50,2.815181,42.92694
50,2.815181,42.92786
50,2.815181,42.92327
50,2.815181,42.91409
50,2.815181,42.90932
50,2.815181,42.90913
50,2.819968,42.89683
50,2.819968,42.88379
50,2.819968,42.88618
50,2.819968,42.89004
50,2.825041,42.88747
50,2.825041,42.88582
50,2.825041,42.86286
50,2.830784,42.85552
50,2.830784,42.86598
50,2.830784,42.86158
50,2.830784,42.84616
50,2.830784,42.84689
50,2.830784,42.84652
50,2.836319,42.84395
50,2.836319,42.84064
50,2.836319,42.83422
50,2.836319,42.82871
50,2.842062,42.81347
50,2.842062,42.80337
50,2.842062,42.80943
50,2.848059,42.80539
50,2.848059,42.80282
50,2.848059,42.79162
50,2.848059,42.79676
50,2.848059,42.79144
50,2.848059,42.78428
50,2.853364,42.77675
50,2.853364,42.77509
50,2.853364,42.76646
50,2.853364,42.75692
50,2.858915,42.75012
50,2.858915,42.74517
50,2.858915,42.7369
50,2.865151,42.73874
50,2.865151,42.73764
50,2.865151,42.72515
50,2.865151,42.72772
50,2.865151,42.73011
50,2.865151,42.71597
50,2.870559,42.70936
50,2.870559,42.70128
50,2.870559,42.69008
50,2.870559,42.70073
50,2.875649,42.68567
50,2.875649,42.67521
50,2.880937,42.67631
50,2.880937,42.67962
50,2.880937,42.67043
50,2.880937,42.65318
50,2.880937,42.65207
50,2.880937,42.64877
50,2.880937,42.65611
50,2.885644,42.64528
50,2.885644,42.63316
50,2.885644,42.62123
50,2.885644,42.62269
50,2.890838,42.62214
50,2.890838,42.62655
50,2.890838,42.62012
50,2.896445,42.60801
50,2.896445,42.60433
50,2.896445,42.59368
50,2.896445,42.58799
50,2.896445,42.5766
50,2.896445,42.56834
50,2.9012,42.56339
50,2.9012,42.55604
50,2.9012,42.54117
50,2.9012,42.54759
50,2.906154,42.54135
50,2.906154,42.54245
50,2.906154,42.53052
50,2.911577,42.52666
50,2.911577,42.52336
50,2.911577,42.50885
50,2.911577,42.505
50,2.911577,42.49453
50,2.916277,42.49086
50,2.916277,42.48957
50,2.916277,42.4848
50,2.916277,42.47433
50,2.916277,42.45872
50,2.921024,42.45358
50,2.921024,42.46735
50,2.926185,42.45432
50,2.926185,42.43908
50,2.926185,42.43761
50,2.926185,42.43633
50,2.926185,42.43357
50,2.926185,42.42457
50,2.926185,42.40841
50,2.930741,42.40401
50,2.930741,42.39978
50,2.930741,42.39464
50,2.930741,42.3862
50,2.935535,42.37812
50,2.935535,42.3783
50,2.935535,42.36599
50,2.940489,42.36379
50,2.940489,42.35645
50,2.940489,42.34507
50,2.940489,42.33387
50,2.940489,42.32817
50,2.940489,42.31973
50,2.944615,42.31348
50,2.944615,42.30486
50,2.944615,42.30247
50,2.944615,42.30412
50,2.949044,42.28796
50,2.949044,42.27621
50,2.95399,42.26887
50,2.95399,42.26023
50,2.95399,42.25473
50,2.95399,42.24995
50,2.95399,42.2426
50,2.95399,42.23269
50,2.95399,42.22994
50,2.958227,42.2248
50,2.958227,42.21856
50,2.958227,42.21415
50,2.958227,42.19358
50,2.962783,42.18899
50,2.962783,42.19028
50,2.962783,42.17228
50,2.968199,42.16163
50,2.968199,42.1497
50,2.968199,42.1396
50,2.968199,42.1396
50,2.968199,42.13556
50,2.968199,42.12234
50,2.97289,42.11298
50,2.97289,42.09755
50,2.97289,42.08947
50,2.97289,42.07845
50,2.977071,42.07258
50,2.977071,42.06946
50,2.981221,42.06597
50,2.981221,42.05716
50,2.981221,42.03971
50,2.981221,42.02465
50,2.981221,42.00795
50,2.981221,42.00519
50,2.981221,42.00372
50,2.984534,42.00483
50,2.984534,41.99014
50,2.984534,41.98022
50,2.984534,41.97673
50,2.987983,41.96241
50,2.987983,41.95654
50,2.992085,41.9479
50,2.992085,41.93321
50,2.992085,41.91962
50,2.992085,41.91063
50,2.992085,41.90292
50,2.992085,41.88823
50,2.992085,41.8774
50,2.995334,41.8684
50,2.995334,41.85646
50,2.995334,41.85004
50,2.995334,41.83975
50,2.997939,41.82928
50,2.997939,41.82231
50,2.997939,41.81515
50,3.000901,41.8078
50,3.000901,41.78889
50,3.000901,41.77989
50,3.000901,41.77347
50,3.000901,41.75694
50,3.00404,41.74849
50,3.00404,41.7406
50,3.00404,41.72518
50,3.00404,41.71802
50,3.00404,41.698
50,3.007217,41.69451
50,3.007217,41.6778
50,3.010602,41.66624
50,3.010602,41.65467
50,3.010602,41.63612
50,3.010602,41.62235
50,3.010602,41.60491
50,3.010602,41.59407
50,3.010602,41.58948
50,3.013868,41.58214
50,3.013868,41.56781
50,3.013868,41.55992
50,3.013868,41.55074
50,3.016871,41.53293
50,3.016871,41.51934
50,3.016871,41.51347
50,3.01973,41.49639
50,3.01973,41.47656
50,3.01973,41.45875
50,3.01973,41.44277
50,3.01973,41.43433
50,3.022366,41.41597
50,3.022366,41.39999
50,3.022366,41.39154
50,3.022366,41.38475
50,3.022366,41.36694
50,3.024827,41.3517
50,3.026819,41.33536
50,3.026819,41.31204
50,3.026819,41.29607
50,3.026819,41.28523
50,3.026819,41.26889
50,3.026819,41.25292
50,3.026819,41.23363
50,3.028467,41.22868
50,3.028467,41.20903
50,3.028467,41.19122
50,3.028467,41.16937
50,3.03053,41.14293
50,3.03053,41.13246
50,3.03053,41.12438
50,3.032712,41.10419
50,3.032712,41.08747
50,3.032712,41.06563
50,3.032712,41.04836
50,3.032712,41.0256
50,3.032712,41.00705
50,3.034234,40.99273
50,3.034234,40.96666
50,3.034234,40.9404
50,3.034234,40.91506
50,3.034974,40.90147
50,3.034974,40.87724
50,3.034974,40.84033
50,3.034974,40.81554
50,3.034974,40.80085
50,3.035269,40.77716
50,3.035269,40.75127
50,3.035269,40.71657
50,3.035269,40.68517
50,3.035365,40.65873
50,3.035365,40.62936
50,3.035365,40.58473
50,3.035365,40.55995
50,3.035516,40.53001
50,3.035516,40.49789
50,3.035516,40.47163
50,3.035691,40.43546
50,3.035691,40.38863
50,3.035691,40.3486
50,3.035691,40.3049
50,3.035691,40.26065
50,3.035691,40.21971
50,3.035277,40.1727
50,3.035277,40.12
50,3.035277,40.0719
50,3.035277,40.02562
50,3.035277,39.9709
50,3.033557,39.90407
50,3.033557,39.8455
50,3.030737,39.7906
50,3.030737,39.72376
50,3.030737,39.65839
50,3.030737,39.59339
50,3.030737,39.52215
50,3.030737,39.43897
50,3.02732,39.35487
50,3.02732,39.2627
50,3.02732,39.16446
50,3.02732,39.05998
50,3.02732,38.93659
50,3.022366,38.81045
50,3.022366,38.66723
50,3.015055,38.50014
50,3.015055,38.29412
50,3.015055,38.04091
50,3.015055,37.52385
50,3.015055,28.9104
50,3.015055,5.789425
50,2.994689,0.3064558
50,2.994689,0.230255
50,2.994689,0.2289696
